"title","title_link","publish_date"
"Demographic Change in Europe and Central Asia: A Call for Labour Force Inclusion: Policy Brief","https://unece.org/info/publications/pub/409192","07 November 2025"
"On the road to the Second World Summit for Social Development: contributions from the regional commissions","https://unece.org/info/publications/pub/406359","21 August 2025"
"Unlocking the Potential of an Ageing Workforce","https://unece.org/info/publications/pub/401338","15 April 2025"
"Mental Health of Older Persons","https://unece.org/info/publications/pub/391929","18 June 2024"
"Ensuring Rights and Choices amid Demographic Change: Report on the implementation of the Programme of Action of the International Conference on Population and Development in the UNECE Region","https://unece.org/info/publications/pub/386869","22 December 2023"
"Older Persons in Vulnerable Situations","https://unece.org/info/publications/pub/379861","19 June 2023"
"Proceedings of the 2022 Ministerial Conference on Ageing","https://unece.org/info/publications/pub/372025","18 October 2022"
"MIPAA/RIS+20 Report","https://unece.org/info/publications/pub/369562","27 July 2022"
"Policy Brief on Ageing no 27 on Mainstreaming Ageing - Revisited","https://unece.org/info/publications/pub/365418","24 February 2022"
"Guidelines for Mainstreaming Ageing","https://unece.org/info/publications/pub/354027","16 March 2021"
"Active Ageing Index Analytical report","https://unece.org/info/publications/pub/2804","15 December 2019"
"Road Map for Mainstreaming Ageing in Belarus","https://unece.org/info/publications/pub/2803","02 December 2019"
"Fullfilling the Potential of Present and Future Generations","https://unece.org/info/publications/pub/2802","29 November 2018"
"Proceedings of the 2017 UNECE Ministerial Conference on Ageing","https://unece.org/info/publications/pub/2801","23 January 2018"
"Roadmap for mainstreaming ageing in Georgia","https://unece.org/info/publications/pub/2800","06 May 2015"
"Essay contest: Ageing in Georgia","https://unece.org/info/publications/pub/2799","16 November 2014"
"Региональный доклад ЕЭК ООН: МКНР после 2014 года","https://unece.org/info/publications/pub/2797","19 December 2013"
"UNECE Regional Report: ICPD Beyond 2014","https://unece.org/info/publications/pub/2796","19 December 2013"
"Proceedings of the ICPD Beyond 2014 Regional Conference","https://unece.org/info/publications/pub/2795","18 December 2013"
"Proceedings of the 2012 UNECE Ministerial Conference on Ageing","https://unece.org/info/publications/pub/2794","29 April 2013"
"Roadmap for mainstreaming ageing - Rep. of Moldova","https://unece.org/info/publications/pub/2793","14 June 2012"
"Active Ageing and Quality of Life in Old Age","https://unece.org/info/publications/pub/2792","14 May 2012"
"Roadmap for mainstreaming ageing in Armenia","https://unece.org/info/publications/pub/2791","15 June 2011"
"Intergenerational family relationships in ageing societies, 2010","https://unece.org/info/publications/pub/2773","31 December 2009"
"How Generations and Gender shape demographic change : towards policies based on better knowledge","https://unece.org/info/publications/pub/2808","13 May 2009"
"What UNECE does for you - ... UNECE works on Generations and Gender Programme","https://unece.org/info/publications/pub/2805","01 January 2008"
"A SOCIETY FOR ALL AGES: Challenges and Opportunities","https://unece.org/info/publications/pub/2774","31 December 2007"
"What UNECE does for you - Challenges and opportunities of population ageing","https://unece.org/info/publications/pub/2775","31 December 2006"
"GENERATIONS AND GENDER PROGRAMME Concepts and Guidelines","https://unece.org/info/publications/pub/2809","31 December 2006"
"THE NEW DEMOGRAPHIC REGIME Population challenges and policy responses","https://unece.org/info/publications/pub/2787","01 January 2005"
"GENERATIONS AND GENDER PROGRAMME Survey Instruments","https://unece.org/info/publications/pub/2807","31 December 2004"
"Socio-economic Status and Living Arrangements of Older Persons in Lituhania","https://unece.org/info/publications/pub/2788","02 January 2004"
"Socio-economic Status and Living Arrangements of Older Persons in Latvia","https://unece.org/info/publications/pub/2784","02 January 2003"
"Aging Population: Opportunities and Challenges Europe and North America","https://unece.org/info/publications/pub/2785","01 January 2003"
"Population ageing and Socio-economic Status of Older Persons in Estonia","https://unece.org/info/publications/pub/2783","31 December 2002"
"The Dynamics of Fertility and Partnership in Europe: Insights and Lessons from Comparative Research, Volume I and Volume II","https://unece.org/info/publications/pub/2811","01 January 2002"
"An Evaluation of the Fertility and Family Surveys Project UNECE/UNFPA/Institut national d'études démographiques (INED)","https://unece.org/info/publications/pub/2812","31 December 2001"
"Fertility and Family Surveys in Countries of the ECE Region, Standard Country Report : The Czech Republic","https://unece.org/info/publications/pub/2813","03 January 2001"
"Fertility and Family Surveys in Countries of the ECE Region, Standard Country Report : Bulgaria","https://unece.org/info/publications/pub/2814","02 January 2001"
"Fertility and Family Surveys in Countries of the ECE Region, Standard Country Report : Denmark","https://unece.org/info/publications/pub/2815","01 January 2001"
"Fertility and Family Surveys in Countries of the ECE Region, Standard Country Report : New Zealand","https://unece.org/info/publications/pub/2816","31 December 2000"
"Generations and Gender Programme","https://unece.org/info/publications/pub/21968","01 January 2000"
"Fertility and Family Surveys in Countries of the ECE Region, Standard Country Report : Italy","https://unece.org/info/publications/pub/2818","31 December 1999"
"Fertility and Family Surveys in Countries of the ECE Region, Standard Country Report : Slovenia","https://unece.org/info/publications/pub/2821","31 December 1999"
"Fertility and Family Surveys in Countries of the ECE Region, Standard Country Report : Estonia","https://unece.org/info/publications/pub/2817","31 December 1999"
"Generations and Gender Programme - Exploring Future Research and Data Collection Options","https://unece.org/info/publications/pub/2810","31 December 1999"
"Fertility and Family Surveys in Countries of the ECE Region, Standard Country Report : Portugal","https://unece.org/info/publications/pub/2819","31 December 1999"
"Fertility and Family Surveys in Countries of the ECE Region, Standard Country Report : Lithuania","https://unece.org/info/publications/pub/2820","31 December 1999"
"Socio-economic Status and Living Arrangements of Older Persons in Switzerland","https://unece.org/info/publications/pub/2782","31 December 1999"
"Fertility and Family Surveys in Countries of the ECE Region, Standard Country Report : Hungary","https://unece.org/info/publications/pub/2822","03 January 1999"
"Fertility and Family Surveys in Countries of the ECE Region, Standard Country Report : Canada","https://unece.org/info/publications/pub/2823","02 January 1999"
"Fertility and Family Surveys in Countries of the ECE Region, Standard Country Report : Belgium","https://unece.org/info/publications/pub/2824","01 January 1999"
"In Depth Studies on Migration in Central and Eastern Europe, The Case of Ukraine","https://unece.org/info/publications/pub/2781","31 December 1998"
"Socio-economic Status and Living Arrangements of Older Persons in Finland","https://unece.org/info/publications/pub/2780","31 December 1998"
"Fertility and Family Surveys in Countries of the ECE Region, Standard Country Report : Switzerland","https://unece.org/info/publications/pub/2825","31 December 1998"
"Fertility and Family Surveys in Countries of the ECE Region, Standard Country Report : Spain","https://unece.org/info/publications/pub/2829","31 December 1997"
"Fertility and Family Surveys in Countries of the ECE Region, Standard Country Report : Finland","https://unece.org/info/publications/pub/2827","31 December 1997"
"Fertility and Family Surveys in Countries of the ECE Region, Standard Country Report : Latvia","https://unece.org/info/publications/pub/2826","31 December 1997"
"Fertility and Family Surveys in Countries of the ECE Region, Standard Country Report : Austria","https://unece.org/info/publications/pub/2828","31 December 1997"
"Living Arrangements of Older Persons in Canada: Effects on their Socio-economic Conditions","https://unece.org/info/publications/pub/2778","31 December 1997"
"Directory of Population Ageing Related Research Projects in Europe","https://unece.org/info/publications/pub/2777","31 December 1997"
"Ageing Research in Europe: Demographic, Social and Behavioural Aspects By Emily Agree and George Myers","https://unece.org/info/publications/pub/2776","31 December 1997"
"Fertility and Family Surveys in Countries of the ECE Region, Standard Country Report : France","https://unece.org/info/publications/pub/2833","31 December 1996"
"Fertility and Family Surveys in Countries of the ECE Region, Standard Country Report : Poland","https://unece.org/info/publications/pub/2832","31 December 1996"
"Fertility and Family Surveys in Countries of the ECE Region, Standard Country Report : Sweden","https://unece.org/info/publications/pub/2830","31 December 1996"
"Fertility and Family Surveys in Countries of the ECE Region, Standard Country Report : Netherlands","https://unece.org/info/publications/pub/2831","31 December 1996"
"Fertility and Family Surveys in Countries of the ECE Region, Standard Country Report : Norway","https://unece.org/info/publications/pub/2834","31 December 1995"
"International Migration in Central and Eastern Europe and the Commonwealth of Independent States","https://unece.org/info/publications/pub/2789","31 December 1995"
"Social Aspects and Country Reviews of Population Ageing","https://unece.org/info/publications/pub/2790","31 December 1993"
"European Population Conference","https://unece.org/info/publications/pub/2806","22 March 1993"
"Demographic Causes and Economic Consequences of Population Aging, Europe and North America","https://unece.org/info/publications/pub/2786","31 December 1991"
"In Depth Studies on Migration in Central and Eastern Europe, The Case of Poland","https://unece.org/info/publications/pub/2779","01 January 1970"
"Docs","https://unece.org/ru/info/publications/pub/2775",""
"Docs","https://unece.org/fr/info/publications/pub/2775",""
"Docs","https://unece.org/ru/info/publications/pub/2805",""
"Docs","https://unece.org/fr/info/publications/pub/2805",""
